500,1000,1500,2000,2500,3000,3500,4000,4500,5000,5500,6000,6500,7000,7500,8000,8500,9000,9500,10000,10500,11000,11500,12000,12500,13000,13500,14000,14500,15000,15500,16000,16500,17000,17500,18000,18500,19000,19500,20000,20500,21000,21500,22000,22500,23000,23500,24000,24500,25000,25500,26000,26500,27000,27500,28000,28500,29000,29500,30000,30500,31000,31500,32000,32500,33000,33500,34000,34500,35000,35500,36000,36500,37000,37500,38000,38500,39000,39500,40000,40500,41000,41500,42000,42500,43000,43500,44000,44500,45000,45500,46000,46500,47000,47500,48000,48500,49000,49500,50000,50500,51000,51500,52000,52500,53000,53500,54000,54500,55000,55500,56000,56500,57000,57500,58000,58500,59000,59500,60000
0.0771298,0.32197,0.299158,0.3019454,0.3021858,0.3027409,0.3029541,0.3030204,0.3035972,0.3039805,0.303978,0.3031369,0.3041394,0.3043361,0.304358,0.3044224,0.3044144,0.3046389,0.3046036,0.3047583,0.3047515,0.3047588,0.3035116,0.3040217,0.3039268,0.3045574,0.3045457,0.3045424,0.3048079,0.3050151,0.3050374,0.3050365,0.3050391,0.305246,0.3052597,0.3052618,0.3053099,0.3053156,0.3053185,0.3053537,0.3053487,0.3053585,0.3053125,0.3053218,0.3053333,0.3056925,0.3056981,0.3056211,0.305599,0.3056089,0.3056064,0.3056185,0.305611,0.305627,0.3056436,0.3057128,0.3058061,0.3057903,0.3057811,0.3058028,0.3057584,0.3057659,0.3057756,0.305749,0.3057977,0.3058149,0.3058226,0.3058256,0.305879,0.3059005,0.3058928,0.3059015,0.3059042,0.3059064,0.3059115,0.3059136,0.3059126,0.3059103,0.30591,0.3059102,0.305915,0.3059252,0.3059253,0.3059228,0.3059238,0.3059238,0.3059237,0.3059241,0.3059264,0.3059283,0.3059235,0.3059237,0.3059242,0.3059249,0.305926,0.3059254,0.3059248,0.3059253,0.3059243,0.3059243,0.3059262,0.3059259,0.3059262,0.3059262,0.3059368,0.3059558,0.3059611,0.3059625,0.3059627,0.3059809,0.3059618,0.3059617,0.3059605,0.3059607,0.3059557,0.3059577,0.3059557,0.3059549,0.3059561,0.3059557
0.0351716,0.1166747,0.2913571,0.1179852,0.1184143,0.1095459,0.1105122,0.1106096,0.263397,0.1112752,0.1113154,0.1117965,0.1120199,0.1120804,0.1121264,0.1121132,0.1121404,0.1123416,0.1123505,0.1123153,0.1122926,0.1122953,0.1122381,0.1122831,0.1123554,0.1123649,0.1123864,0.1116481,0.1122794,0.1123438,0.1123361,0.1123519,0.112375,0.1123808,0.1123667,0.1124324,0.1124318,0.1384866,0.1390285,0.138981,0.1389744,0.1389579,0.1389537,0.1389535,0.1390015,0.2853152,0.2853015,0.1390026,0.1390451,0.1390494,0.1390605,0.1390451,0.1390579,0.1390557,0.1390639,0.1389854,0.1390055,0.1389628,0.1389834,0.1390016,0.1390526,0.1390266,0.1390662,0.1124893,0.1117949,0.1118111,0.1118175,0.1118521,0.1118472,0.119145,0.1191339,0.1191339,0.1196355,0.119788,0.1197862,0.1198246,0.119825,0.1198253,0.299703,0.1196385,0.1197166,0.119729,0.1197213,0.119763,0.1197584,0.1196233,0.1196254,0.1196999,0.1197556,0.1197646,0.1197655,0.1197616,0.1197196,0.1196359,0.1196822,0.1196388,0.1196895,0.2816618,0.1196577,0.1197148,0.1197152,0.2738055,0.1197629,0.1197563,0.1197401,0.1196918,0.1197053,0.1197157,0.1196688,0.1196942,0.1197053,0.1196938,0.1197047,0.1197151,0.1197014,0.1197059,0.1197143,0.1196778,0.1195805,0.1196211
0.0388703,0.0492493,0.2939591,0.0514115,0.0524096,0.0527897,0.0529493,0.0531326,0.0536308,0.0544603,0.0535757,0.111183,0.0536089,0.0993831,0.0993595,0.0993739,0.0993727,0.0536101,0.0547705,0.054829,0.0547655,0.0549283,0.055086,0.0549951,0.1810851,0.1810681,0.1811014,0.1813335,0.1812821,0.1813225,0.1813347,0.1813294,0.1813284,0.1813234,0.1813782,0.18135,0.1813428,0.1813718,0.1813728,0.1812855,0.1814065,0.1813753,0.1814225,0.1814117,0.1813642,0.1813633,0.1804075,0.18145,0.1815014,0.1814609,0.1814809,0.181459,0.1814766,0.1814887,0.1814391,0.1814537,0.1814311,0.1814844,0.1814512,0.1814941,0.1815058,0.1814824,0.1815028,0.1815026,0.1814936,0.1815173,0.1815309,0.1815616,0.1816012,0.181599,0.1816005,0.1816037,0.1815971,0.1815867,0.1815556,0.1815511,0.1815397,0.1815281,0.1815414,0.1815521,0.181548,0.1815285,0.1815221,0.1814809,0.1815235,0.181535,0.1815699,0.1815606,0.1815704,0.1815691,0.1815723,0.1815858,0.1815573,0.1815573,0.1815745,0.1815271,0.1815474,0.1815572,0.1815842,0.1815979,0.1815697,0.1815716,0.1815693,0.1815769,0.1815723,0.1815727,0.181577,0.1815728,0.1815729,0.1815441,0.1815754,0.1815986,0.1814835,0.1814962,0.1815102,0.1815302,0.1815402,0.1815208,0.181539,0.1815066
0.2982654,0.0327898,0.048355,0.049369,0.0497647,0.0508533,0.0510855,0.0394277,0.0400472,0.0402477,0.2973113,0.0409238,0.0409913,0.0395744,0.0413045,0.0412729,0.0412934,0.0417358,0.0418975,0.0405693,0.040591,0.0406043,0.0406387,0.0406631,0.0593863,0.0407654,0.2190975,0.2193108,0.2192325,0.2192704,0.2194686,0.2195704,0.2196622,0.2196085,0.2197218,0.2197188,0.2196818,0.2196847,0.2197406,0.2197475,0.219759,0.2197686,0.2197719,0.2197726,0.2197903,0.2198651,0.2197694,0.2198086,0.219815,0.2198501,0.2198496,0.2198159,0.219823,0.2197663,0.2197686,0.2197872,0.2197882,0.2198106,0.2197278,0.2197652,0.2197671,0.2198103,0.2198178,0.2198249,0.2198064,0.2198274,0.2198351,0.2198461,0.2198313,0.2198632,0.2199376,0.2199372,0.2199735,0.2199468,0.2199474,0.2199465,0.2199611,0.2199581,0.2199581,0.2199088,0.2199221,0.2199083,0.2199125,0.219869,0.2198855,0.2197694,0.2197524,0.2197693,0.2198329,0.2198743,0.2199052,0.2199202,0.2199195,0.2198534,0.2198609,0.2198692,0.2198711,0.2198593,0.2199114,0.2198807,0.2198636,0.2198722,0.2198606,0.2198351,0.2197892,0.2198837,0.2198891,0.2198757,0.2198832,0.2198833,0.2198895,0.2198898,0.2198955,0.2199383,0.2199436,0.2199794,0.2199853,0.2199864,0.2199652,0.2198827
0.3334365,0.3244549,0.3256755,0.3262403,0.3265961,0.3273385,0.1684746,0.1693892,0.2917346,0.2922378,0.2922876,0.1707849,0.3088417,0.1709997,0.1719718,0.3162128,0.317262,0.3182946,0.318332,0.3183812,0.3183496,0.3165585,0.3185955,0.3185562,0.3186759,0.3187289,0.3187642,0.3187688,0.3187342,0.3187842,0.3187782,0.318756,0.318784,0.3188131,0.3188626,0.3189639,0.3190638,0.1735223,0.1876552,0.173586,0.1736709,0.1737573,0.1737676,0.2712561,0.2712039,0.2711712,0.2711557,0.271137,0.2711427,0.1735648,0.2944028,0.2944,0.294406,0.1735912,0.2669298,0.2669145,0.1736427,0.1737437,0.1737089,0.1737289,0.1737722,0.1737455,0.1737535,0.3332292,0.3332155,0.3332261,0.333235,0.1737149,0.173726,0.1737589,0.1737688,0.173764,0.1737104,0.1737257,0.1737127,0.1737931,0.1737458,0.1737047,0.1737265,0.1737514,0.1737562,0.1738168,0.1738053,0.1737156,0.1737692,0.3266951,0.3267482,0.326751,0.3266976,0.3267111,0.3267021,0.3267073,0.3266995,0.3266998,0.173625,0.3122364,0.3122327,0.3122535,0.3122426,0.312263,0.3122672,0.3122705,0.3122546,0.3122509,0.1736365,0.3103829,0.3103657,0.1736769,0.1736445,0.1737308,0.302308,0.1736807,0.1737339,0.1737848,0.1736628,0.3049636,0.3049563,0.3049145,0.3049247,0.3048624
0.0681144,0.3045021,0.3062348,0.3066071,0.3068502,0.3073352,0.3073955,0.3075052,0.3079346,0.3080925,0.3082535,0.3081971,0.3082903,0.3081253,0.3085745,0.3088343,0.3089566,0.3089714,0.3089796,0.3089808,0.3077732,0.3077703,0.3077141,0.3076437,0.3076295,0.3087151,0.3087152,0.3087307,0.3090503,0.3091203,0.3091167,0.3091198,0.3092,0.3091173,0.3091448,0.309144,0.3091466,0.309148,0.309158,0.3091611,0.3091629,0.3091656,0.3091648,0.3091742,0.309174,0.309172,0.3091728,0.3091734,0.3091699,0.3091599,0.3091548,0.3091585,0.3091521,0.3091541,0.3091617,0.3091605,0.3091612,0.3091661,0.3091673,0.3091703,0.3091738,0.3091739,0.3091747,0.3091748,0.3091755,0.3091937,0.3091983,0.3092002,0.3091853,0.3091915,0.3091928,0.3091893,0.3091919,0.309191,0.3091888,0.3091899,0.3091898,0.3091975,0.3091974,0.3092088,0.3091982,0.3091989,0.3092137,0.3091966,0.3091971,0.3091955,0.3092013,0.3092013,0.3092017,0.3092046,0.3092052,0.309205,0.3092049,0.3092047,0.3092043,0.309204,0.309204,0.3092042,0.3092041,0.3092048,0.3092295,0.3092303,0.3092274,0.3092288,0.3092324,0.3092089,0.309206,0.3092062,0.3092063,0.3092063,0.3092056,0.3092056,0.3092302,0.3092297,0.3092298,0.3092312,0.3092314,0.3092319,0.3092311,0.3092057
0.0395971,0.3504015,0.0516744,0.0526573,0.0540132,0.0550267,0.0441738,0.0445967,0.0447398,0.0445579,0.2877856,0.0732666,0.0721924,0.0735575,0.0452223,0.0718531,0.3009818,0.3013758,0.301574,0.3016043,0.3016143,0.3016377,0.3016288,0.3017252,0.3017218,0.3017256,0.3017255,0.3017112,0.3017187,0.3017189,0.3017234,0.3017284,0.3017286,0.3017729,0.3017779,0.3017427,0.3017713,0.3017724,0.3017186,0.3017096,0.3017097,0.3017814,0.3017638,0.3017568,0.3017573,0.3017557,0.3017558,0.3017709,0.3018185,0.30182,0.3018105,0.3018115,0.301811,0.3018106,0.3018456,0.3018407,0.3018464,0.3018438,0.3018502,0.3018566,0.3018586,0.3018578,0.3018527,0.3018602,0.3018608,0.3018877,0.3019093,0.3019151,0.3019142,0.3019217,0.3019121,0.3019108,0.3019144,0.3019116,0.3019092,0.3021269,0.3019135,0.301914,0.3019163,0.3019154,0.3019721,0.3018938,0.3019441,0.3004459,0.3019187,0.3019163,0.3018486,0.3019081,0.301918,0.3019034,0.3019031,0.3018904,0.3018894,0.3018939,0.301895,0.3018903,0.3018855,0.3018845,0.3018844,0.3018867,0.301882,0.3018815,0.3018815,0.3018808,0.3018815,0.3018864,0.3018856,0.3018858,0.3018855,0.301885,0.3018847,0.3018852,0.3018863,0.3018887,0.3018857,0.3018968,0.3018948,0.3018918,0.301893,0.3018927
0.0361363,0.2715097,0.2733931,0.2741015,0.0777247,0.0450243,0.0450549,0.3035056,0.3036517,0.0454394,0.2914915,0.2914885,0.0456399,0.0457287,0.0455484,0.1185821,0.1186886,0.1187354,0.1188323,0.1188489,0.118968,0.0458695,0.045828,0.0460337,0.0460494,0.0460224,0.0460058,0.0460021,0.0460075,0.1698076,0.169811,0.1698104,0.1698023,0.1697745,0.1698516,0.1698727,0.1698976,0.1698392,0.1698466,0.1698772,0.1698727,0.1699058,0.1699215,0.1699642,0.1699745,0.1699499,0.169951,0.1699498,0.1698959,0.1699465,0.1699392,0.1699231,0.1699254,0.169942,0.1699476,0.2638652,0.1699566,0.1698832,0.1699357,0.2761537,0.169863,0.1698045,0.1699112,0.1699418,0.169921,0.1699271,0.1699329,0.1699377,0.1699531,0.1699445,0.1699432,0.1699393,0.1699156,0.1699241,0.1699307,0.1699256,0.169978,0.1699187,0.1699521,0.1698457,0.1698574,0.1698941,0.1698821,0.1699431,0.1699313,0.1698672,0.1699286,0.1699303,0.1699328,0.1699353,0.1699192,0.1699185,0.1699171,0.1699615,0.1699603,0.1699471,0.1699537,0.1699488,0.1698545,0.1699042,0.1698912,0.1698914,0.169868,0.1698739,0.169931,0.1699538,0.1699495,0.1699638,0.1699139,0.1698925,0.1699167,0.1699119,0.1698909,0.1699035,0.1699456,0.1699388,0.2092948,0.1699415,0.169954,0.1699334
0.0534981,0.0325709,0.224624,0.2254365,0.1896029,0.1900085,0.1912737,0.1914573,0.1923604,0.1926274,0.1928055,0.1930684,0.1931287,0.1932258,0.1932753,0.1932243,0.1932714,0.1932859,0.193332,0.1933319,0.1933367,0.193384,0.193382,0.1935016,0.1933691,0.1933763,0.1933739,0.193463,0.1935245,0.1935015,0.1934556,0.1934553,0.1934572,0.1934665,0.1934114,0.1934453,0.1934208,0.1934071,0.1934367,0.1934234,0.1934233,0.193444,0.1934169,0.1934227,0.1934284,0.1934465,0.1935116,0.193517,0.1935181,0.1935183,0.1935292,0.193531,0.193532,0.1935317,0.1935002,0.1934861,0.1934664,0.1934776,0.193426,0.1934271,0.193458,0.19344,0.1934987,0.1934989,0.1934964,0.193399,0.193409,0.1934275,0.1934461,0.1934384,0.1934331,0.1934099,0.1934122,0.1934032,0.1934216,0.1934204,0.1934408,0.1934622,0.1934599,0.1934638,0.1934448,0.1934456,0.1934401,0.1934366,0.1934698,0.1935026,0.1934563,0.1934661,0.1934911,0.1934953,0.1935141,0.1934999,0.1935038,0.193478,0.1934856,0.1935033,0.1934799,0.1935216,0.1935237,0.1934981,0.1935121,0.193424,0.193413,0.309964,0.26789,0.1934204,0.1933834,0.1934079,0.1934098,0.1934244,0.1934235,0.1923895,0.224006,0.1924438,0.1924194,0.1934834,0.1934947,0.1934914,0.193489,0.1934999
0.0770768,0.3031585,0.3048559,0.3053085,0.1024356,0.0568069,0.0572962,0.0579289,0.2727193,0.0580603,0.0582414,0.0583189,0.0590242,0.1123947,0.1125712,0.1127968,0.1131762,0.1134207,0.1133676,0.1134974,0.1135984,0.1136389,0.1136139,0.11367,0.1136782,0.1136816,0.1137053,0.306025,0.1136076,0.1135999,0.1135935,0.1136155,0.113654,0.1137048,0.1137065,0.2835541,0.1135788,0.1136127,0.113524,0.1136075,0.1136873,0.0534076,0.0539017,0.254938,0.0538393,0.0536761,0.0539512,0.0740989,0.053627,0.0536381,0.0536395,0.0536454,0.2089815,0.0770155,0.1928641,0.0547109,0.0535085,0.0539379,0.2431417,0.2431134,0.2431264,0.2431367,0.2431387,0.2431278,0.2431686,0.2431674,0.2431483,0.2431506,0.243148,0.2431429,0.2431402,0.2431477,0.243171,0.2431738,0.2431668,0.2431885,0.2431772,0.2431725,0.2431754,0.243183,0.2431742,0.2431678,0.2431724,0.2431536,0.2431825,0.2431846,0.2431869,0.2431876,0.2431839,0.2431843,0.2431828,0.2431937,0.2431515,0.2431596,0.2431276,0.2431301,0.2430915,0.2431255,0.2431248,0.2431163,0.2431498,0.2431564,0.289304,0.2430721,0.2430688,0.2431485,0.243181,0.2431729,0.2431813,0.2431729,0.2431764,0.2431819,0.2431992,0.2431865,0.2431791,0.2431922,0.2432014,0.2432016,0.2432,0.243187
0.1816989,0.3198885,0.3514538,0.3525071,0.3538735,0.3663314,0.3246642,0.3250209,0.3250672,0.3250887,0.3250819,0.3251743,0.3251142,0.3251642,0.325177,0.3251603,0.3251654,0.3251771,0.3251798,0.3251842,0.32522,0.3251893,0.3251946,0.3251926,0.325193,0.3252198,0.3252348,0.3252267,0.3252142,0.3252007,0.3252513,0.3252068,0.325259,0.325209,0.3252097,0.3252692,0.3253429,0.3253272,0.3253326,0.325341,0.3253439,0.3253223,0.325321,0.3253185,0.3253184,0.3253199,0.3253203,0.3253241,0.3253246,0.3253266,0.3253224,0.325322,0.325318,0.3253209,0.3253237,0.3253243,0.3253246,0.3253247,0.3253246,0.3253192,0.3253203,0.3253223,0.3253293,0.325329,0.3253306,0.3253282,0.3253281,0.3253284,0.3253357,0.3253354,0.3253414,0.3253332,0.3253309,0.325336,0.3253443,0.3253329,0.3253333,0.3253344,0.3253348,0.3253343,0.3253352,0.3253407,0.3253408,0.3253428,0.3253426,0.3253424,0.3253364,0.325341,0.3253407,0.3253408,0.3253423,0.3253432,0.3253372,0.3253412,0.3253369,0.3253369,0.3253428,0.325343,0.3253371,0.3253372,0.3253372,0.3253434,0.3253424,0.3253427,0.3253426,0.3253414,0.325339,0.3253387,0.3253398,0.3253448,0.3253437,0.325343,0.3253407,0.3253427,0.3253378,0.3253535,0.3253434,0.3253424,0.3253377,0.325324
0.3636588,0.0499486,0.2468495,0.2497505,0.2504841,0.0572566,0.0573538,0.057522,0.0575935,0.0576753,0.0574239,0.272455,0.1735406,0.173579,0.299822,0.1738704,0.1738322,0.1738834,0.173868,0.1738827,0.1738806,0.1739145,0.1744793,0.1744868,0.174543,0.1745831,0.1746985,0.1747037,0.1747785,0.174797,0.1754108,0.3061677,0.1754427,0.1754496,0.1754044,0.175432,0.17551,0.1755058,0.1754711,0.17543,0.1754188,0.1754662,0.1754875,0.1755138,0.1755349,0.1755191,0.175552,0.1756395,0.1756627,0.1756659,0.1756329,0.1756247,0.1756538,0.1756544,0.1756581,0.1756521,0.1756558,0.1756682,0.1756688,0.1756685,0.1756373,0.1756725,0.1757239,0.1757339,0.1757061,0.1757129,0.1757194,0.1755941,0.1756296,0.1756253,0.175651,0.1756794,0.1756862,0.1756465,0.1755175,0.1755316,0.1755674,0.1755975,0.1756351,0.1756409,0.1756451,0.1756575,0.1756343,0.1756322,0.1756158,0.1756017,0.1756069,0.1755704,0.1755798,0.1755895,0.1755922,0.175602,0.1755839,0.1756039,0.1757135,0.1757382,0.1757364,0.1757496,0.1757416,0.1757521,0.1756476,0.1756658,0.1756338,0.1756185,0.1756296,0.1756423,0.1756363,0.1756999,0.1756498,0.2890573,0.1755902,0.1756185,0.1756228,0.1756019,0.1756223,0.1755851,0.1755602,0.1756168,0.1756521,0.1756527
0.1436173,0.3273924,0.0524574,0.0651403,0.0533139,0.0536657,0.0548879,0.0550003,0.0554045,0.041733,0.246459,0.0936077,0.0936064,0.0422161,0.0437425,0.0424614,0.131207,0.1312387,0.1312267,0.1315332,0.0422189,0.0425981,0.0426008,0.0425935,0.1062695,0.0426499,0.3069988,0.3044254,0.3044508,0.3044496,0.3044527,0.3044611,0.3044614,0.3044662,0.3044654,0.3044702,0.304469,0.3044731,0.3044819,0.3044848,0.3045016,0.3044929,0.3044912,0.3045136,0.3045202,0.3045074,0.3045136,0.3045145,0.3045153,0.3045158,0.3045378,0.3045414,0.304541,0.3045432,0.3045447,0.3045387,0.3045389,0.3045384,0.3045341,0.3045355,0.3045353,0.3045349,0.3045393,0.3045337,0.3045475,0.3045475,0.3045444,0.3045457,0.3045416,0.3045382,0.3045438,0.3045405,0.304542,0.3045416,0.3045404,0.304557,0.3045505,0.3045502,0.3045516,0.3045446,0.3045446,0.3045441,0.3045496,0.3045487,0.3045463,0.304546,0.3045516,0.3045469,0.3045519,0.3045473,0.3045505,0.3045509,0.3045502,0.3045489,0.3045489,0.304548,0.3045476,0.3045472,0.304547,0.304547,0.3045482,0.3045492,0.3045495,0.3045546,0.30455,0.3045497,0.3045495,0.304552,0.3045498,0.3045494,0.3045483,0.3045462,0.3045543,0.304559,0.3045776,0.3045749,0.3045836,0.304561,0.304559,0.3045591
0.043982,0.1466542,0.326802,0.0468004,0.0500727,0.0519414,0.0524824,0.0540075,0.0543983,0.0544453,0.0544938,0.0541957,0.0542044,0.054365,0.0545968,0.0549439,0.0546725,0.0546784,0.0545341,0.0554438,0.0554202,0.2940745,0.2939857,0.2940542,0.2940534,0.2940805,0.2940948,0.2941055,0.2940802,0.2940836,0.2940878,0.2940922,0.2941145,0.2941341,0.294205,0.2942105,0.2941972,0.2942016,0.2942093,0.2942053,0.2942034,0.2942056,0.294207,0.2942069,0.2942106,0.2942118,0.2942155,0.2942155,0.2942179,0.294216,0.2942159,0.2942172,0.2942147,0.2942151,0.2942167,0.2942168,0.2942169,0.2942168,0.2942165,0.3052002,0.2942206,0.2942236,0.2942151,0.2942163,0.2942078,0.2942124,0.2942133,0.2942133,0.2942133,0.2942145,0.2942148,0.294215,0.2942153,0.2942181,0.2942186,0.294217,0.2942166,0.2942171,0.2942074,0.2942102,0.2942152,0.2942533,0.2942555,0.2942584,0.2942593,0.2942293,0.2942215,0.2942123,0.2942066,0.2942035,0.294217,0.2942186,0.2942156,0.294218,0.2942171,0.2942306,0.2942159,0.2942169,0.2942173,0.294222,0.2942222,0.2942241,0.2942233,0.2942227,0.2942233,0.2942558,0.294256,0.2942244,0.2942283,0.294231,0.2942357,0.2942623,0.2942341,0.2942045,0.2942035,0.2942155,0.2942062,0.2942066,0.2942325,0.2942319
0.2392574,0.0378112,0.2949187,0.2901162,0.2904881,0.2910356,0.0416203,0.2998231,0.0426882,0.0432683,0.0431708,0.0432,0.0432227,0.0431303,0.1242837,0.124353,0.1245259,0.1245472,0.12383,0.2681444,0.1244095,0.1245642,0.1237005,0.1246338,0.1246712,0.1247109,0.1247071,0.1247083,0.1246876,0.1247144,0.1247183,0.1247368,0.1247501,0.1247495,0.1247499,0.124749,0.2959304,0.124674,0.124693,0.1246965,0.1247047,0.1247055,0.1247467,0.1247484,0.1247028,0.1246681,0.1246265,0.1246817,0.1247224,0.1247812,0.1247756,0.1247842,0.1248103,0.1247964,0.1247243,0.1246869,0.1246643,0.1247098,0.12474,0.1247446,0.1247717,0.1247709,0.3087346,0.1246426,0.1246758,0.1247064,0.1247261,0.1247097,0.1247432,0.124747,0.1247627,0.1248218,0.1247628,0.1247672,0.124801,0.1247838,0.1247908,0.2967661,0.1248203,0.1248139,0.1246679,0.124673,0.1247023,0.1247326,0.1246801,0.1247051,0.1247222,0.1246748,0.1247221,0.1247594,0.1247058,0.1247522,0.1247413,0.1246354,0.124644,0.1246427,0.1247108,0.124718,0.1247114,0.2711324,0.1246871,0.1246872,0.1247284,0.1247738,0.1247252,0.1247595,0.1247793,0.1247745,0.1247861,0.1247995,0.1248047,0.1246569,0.124682,0.1246913,0.1246939,0.1246989,0.3068897,0.1246338,0.1246192,0.1247129
0.0590603,0.3862527,0.0425089,0.0479723,0.0486445,0.0485183,0.0492258,0.0490432,0.0504704,0.0506561,0.05075,0.0497073,0.2944963,0.2945831,0.2946068,0.2947354,0.2947301,0.2945806,0.2945935,0.294615,0.2946239,0.3011257,0.3061831,0.2946718,0.294667,0.2946341,0.2946381,0.2946473,0.2946475,0.2946435,0.2946452,0.2946485,0.2946504,0.294652,0.2946486,0.2946622,0.2946469,0.2945284,0.2945062,0.2944984,0.2945029,0.294506,0.2946066,0.2946116,0.2946115,0.2946271,0.2946079,0.2946116,0.2946341,0.2946545,0.2946534,0.2946547,0.3045529,0.2946545,0.2946519,0.2947574,0.2946608,0.2946588,0.2946602,0.2946569,0.2946574,0.2946574,0.2946557,0.2946518,0.2946521,0.2946517,0.2946445,0.2946474,0.2946805,0.2946835,0.2946887,0.294683,0.2946857,0.2946849,0.2946864,0.2946707,0.2946738,0.2946814,0.2946816,0.2947016,0.2946813,0.2946792,0.2946931,0.2946918,0.2946918,0.2946882,0.2946721,0.2946745,0.2946788,0.294687,0.2946954,0.2946972,0.2946987,0.2946991,0.2946976,0.2946997,0.2946844,0.2946876,0.2946893,0.2946884,0.2997061,0.2946688,0.2946873,0.3000926,0.2946881,0.2946894,0.2946967,0.2946979,0.2946971,0.2946992,0.2946993,0.2946997,0.2947036,0.2947033,0.2947028,0.2947018,0.2946916,0.2946913,0.2946847,0.2946863
0.0433729,0.3427819,0.1226267,0.1237931,0.1246605,0.1142432,0.0488278,0.0491393,0.0481815,0.0473617,0.0473681,0.2729332,0.2726499,0.2737696,0.2737513,0.2738041,0.2737893,0.2738203,0.2726757,0.2733893,0.2736348,0.2736433,0.2736723,0.2740443,0.2740489,0.274062,0.2740619,0.2740614,0.2740845,0.2740975,0.2740925,0.2740959,0.2741562,0.2741549,0.2741595,0.2741735,0.2741238,0.2741217,0.2741355,0.2741492,0.2741544,0.2741617,0.2741609,0.2741813,0.2741752,0.2741815,0.2741688,0.2741878,0.274175,0.2741802,0.2741627,0.2741763,0.2741739,0.2741783,0.2741837,0.2741646,0.2741673,0.2741775,0.2741823,0.2741804,0.2741621,0.2741911,0.274188,0.2742006,0.2742084,0.2742186,0.2742245,0.2742243,0.2742133,0.2742163,0.2742161,0.2742114,0.2742088,0.2742085,0.2742111,0.274198,0.2742083,0.2742109,0.2742123,0.2742093,0.2742099,0.2742098,0.2742106,0.2742105,0.2741949,0.274216,0.2742214,0.2742169,0.2742152,0.2742193,0.2742197,0.2742137,0.2742246,0.2742159,0.2742175,0.2742175,0.2780041,0.2742176,0.2742179,0.2742155,0.2742304,0.2742311,0.2742229,0.2742246,0.2742595,0.2742633,0.2742756,0.2742774,0.2742711,0.2742602,0.2742601,0.2742606,0.2742618,0.2742469,0.2742541,0.2742537,0.2742531,0.2742539,0.2742581,0.274266
0.2863332,0.3038934,0.3065354,0.3075444,0.3080259,0.3067684,0.3073719,0.3074645,0.307759,0.3078241,0.3080702,0.308578,0.308392,0.3086164,0.308887,0.3095771,0.3096606,0.3096548,0.3085929,0.3101654,0.3101706,0.3101973,0.3102208,0.3102339,0.3101447,0.3101725,0.3101726,0.3102038,0.3098792,0.3102295,0.3103313,0.3103425,0.3104023,0.3104098,0.3104252,0.3104259,0.3104239,0.3104321,0.3104274,0.3104805,0.3104836,0.3104937,0.3105425,0.3104927,0.3104936,0.310501,0.310452,0.3105199,0.3105023,0.3105111,0.3105106,0.31051,0.3105151,0.3105161,0.3105178,0.3105241,0.3105298,0.3105249,0.3105309,0.3105207,0.3105237,0.3105245,0.3105245,0.3105407,0.3105466,0.3105486,0.3105486,0.3105486,0.3105486,0.3105518,0.310552,0.3105533,0.3105565,0.3105555,0.3105562,0.3105564,0.3105573,0.3105577,0.3105583,0.3105583,0.3105581,0.3105667,0.310566,0.3105659,0.3105663,0.310569,0.31057,0.3105706,0.3105833,0.3105709,0.3105702,0.3105734,0.3105704,0.3105706,0.3105704,0.3105704,0.3105728,0.3105727,0.3105729,0.3105965,0.3106008,0.3106013,0.3106014,0.3106016,0.3106017,0.3106015,0.3106024,0.3106017,0.3106065,0.3106025,0.3106088,0.310602,0.3106018,0.3106016,0.3106029,0.310603,0.3106062,0.310602,0.3106022,0.3106021
0.0640137,0.2719514,0.2734061,0.2736962,0.2740011,0.2743931,0.2744145,0.2751141,0.2751093,0.2751217,0.2737632,0.2737592,0.2737487,0.2737668,0.274037,0.274061,0.2740705,0.2750435,0.27504,0.2750345,0.2753107,0.2753175,0.2753484,0.2753358,0.2753368,0.2753386,0.2753465,0.27536,0.2753791,0.2753676,0.2753797,0.2753653,0.2753653,0.2753834,0.2753774,0.2753773,0.2753791,0.2753771,0.2753843,0.275385,0.2753863,0.2753871,0.2753815,0.2753513,0.2753747,0.2753722,0.2997598,0.2753454,0.2753509,0.2756183,0.2753548,0.2753566,0.2753424,0.2753452,0.2753532,0.2753638,0.2753691,0.2753607,0.2753636,0.275543,0.2753489,0.2753459,0.2753551,0.2753422,0.2753396,0.275371,0.2753582,0.2753866,0.2753633,0.2753774,0.2753371,0.2753609,0.2753561,0.2753524,0.2753501,0.2753546,0.2753971,0.2753742,0.2753642,0.2753563,0.2753435,0.2753502,0.2753422,0.2753477,0.2753376,0.2753231,0.2753488,0.2753279,0.2753168,0.2753274,0.2753306,0.2753466,0.2753399,0.2753272,0.2754578,0.2753179,0.2753138,0.2753134,0.275376,0.2893431,0.2753041,0.2753054,0.2753391,0.2753366,0.2753365,0.27531,0.2753055,0.2753115,0.2802152,0.2753465,0.2753364,0.2753638,0.2753684,0.2753693,0.275384,0.2753762,0.2753704,0.2753667,0.2753548,0.2804024
0.0517653,0.0447687,0.0484995,0.0501449,0.049424,0.0503712,0.0509234,0.0507342,0.0510347,0.0519444,0.0520509,0.0515034,0.1073249,0.1070738,0.107448,0.1074924,0.0518445,0.051472,0.2252803,0.2256571,0.2256378,0.225679,0.2256587,0.2256622,0.2256577,0.2256895,0.2257162,0.2257009,0.2256798,0.2244946,0.3117827,0.2257139,0.2257216,0.2257182,0.2257321,0.2256717,0.2256777,0.225714,0.2256787,0.2256908,0.2257089,0.2257749,0.2257161,0.2256808,0.2257386,0.2257133,0.2256276,0.2255876,0.2256422,0.2256651,0.2257113,0.2256816,0.2256881,0.2256891,0.2256786,0.2257066,0.2257082,0.2256968,0.2257065,0.225756,0.225704,0.2257116,0.2257345,0.2257127,0.2257095,0.2257179,0.2257333,0.2257133,0.2257177,0.2257219,0.2257274,0.2910143,0.2256993,0.2256457,0.225719,0.2257272,0.2257266,0.225714,0.2257148,0.2257032,0.2257024,0.2256976,0.2257192,0.2257277,0.2257557,0.2257529,0.2257541,0.2257535,0.225753,0.2257541,0.2257244,0.2256896,0.225729,0.2256868,0.2257327,0.2257306,0.2256942,0.2256934,0.2256888,0.2257004,0.2257634,0.3003167,0.2256685,0.2256747,0.2257024,0.2257267,0.2257261,0.2256949,0.2256866,0.2256689,0.2257145,0.2256765,0.225692,0.2411406,0.2256307,0.2256198,0.225624,0.2256303,0.2256263,0.2257
0.2771656,0.3037264,0.3204985,0.3217474,0.3085742,0.3090267,0.3102934,0.3103073,0.3110795,0.3112052,0.3115977,0.3118398,0.3118981,0.311942,0.3119713,0.312099,0.318777,0.3123594,0.3284654,0.3123739,0.3123571,0.3124349,0.3124076,0.3123627,0.3123645,0.3124325,0.3124438,0.3125574,0.3124352,0.3124724,0.3127084,0.3127548,0.3129082,0.3128659,0.3128796,0.3129944,0.3130819,0.3130988,0.313123,0.3131251,0.313085,0.3132442,0.3132751,0.3132806,0.3132937,0.313293,0.3132754,0.313276,0.3132454,0.3132514,0.3132654,0.3132844,0.3132614,0.3132638,0.3132642,0.3133011,0.3133144,0.313337,0.3133552,0.313331,0.3133296,0.3133697,0.3133706,0.3133723,0.3133486,0.3133381,0.313338,0.31334,0.3133457,0.3134243,0.3134179,0.313446,0.3134361,0.3134322,0.3134252,0.3134638,0.3403708,0.3134298,0.3134024,0.3134287,0.31347,0.3134532,0.313457,0.3134647,0.3134633,0.3134609,0.3134739,0.3134819,0.3134933,0.3134926,0.3134924,0.3135037,0.3134979,0.3134827,0.3135966,0.313498,0.3134997,0.3134639,0.3134839,0.3134882,0.3134879,0.3134864,0.3134941,0.3134878,0.3134878,0.3134912,0.3134876,0.3134798,0.3134826,0.3134869,0.3134819,0.3134892,0.3134858,0.3134921,0.3134834,0.3134922,0.3134883,0.3134903,0.313488,0.3134866
0.0614549,0.2999619,0.3030209,0.0711538,0.0718909,0.0721869,0.0723274,0.0724917,0.0725648,0.1211535,0.0725427,0.0725565,0.0726998,0.073198,0.0731867,0.0890415,0.0892552,0.0727561,0.072754,0.0731004,0.0731312,0.0731778,0.0797002,0.0797305,0.0728824,0.0728733,0.0729366,0.137609,0.137607,0.2857894,0.1377216,0.1376504,0.077627,0.0730623,0.0727945,0.072789,0.0730205,0.0728343,0.0826723,0.072873,0.0732539,0.2264633,0.2264568,0.2264655,0.2264622,0.2264673,0.2264663,0.2264701,0.226472,0.2264603,0.2264612,0.2265024,0.2265238,0.2265139,0.2265122,0.2265134,0.226513,0.2264932,0.2264948,0.2264968,0.2266797,0.2265023,0.2264323,0.2264495,0.2264478,0.2264548,0.2264613,0.2264538,0.2263817,0.2263214,0.226358,0.2263444,0.226335,0.226374,0.2263878,0.2264422,0.2264419,0.2264181,0.2264687,0.2264959,0.226466,0.2264656,0.2264833,0.2264768,0.226477,0.2264728,0.2264728,0.2264745,0.2264766,0.2264805,0.2264809,0.22648,0.2264781,0.226479,0.2967298,0.2264482,0.2264438,0.2264325,0.2264365,0.2264397,0.2264432,0.2264449,0.2264597,0.2264621,0.2264618,0.2264621,0.2264091,0.2264246,0.2264277,0.2264312,0.2264325,0.2264321,0.2264229,0.2264004,0.226449,0.2264157,0.2264043,0.2264249,0.3145805,0.2263875
0.2983633,0.2073359,0.2073752,0.2086444,0.05124,0.0491992,0.0466744,0.0461707,0.0448378,0.2796836,0.2798362,0.2804173,0.0467452,0.0468468,0.0463869,0.046318,0.2798866,0.0736337,0.0736549,0.0736603,0.0982885,0.0983942,0.0984842,0.0471119,0.0470894,0.0468373,0.0526688,0.0467875,0.2976989,0.2976941,0.2976718,0.2976664,0.297658,0.2976846,0.30183,0.2976701,0.2976752,0.2977508,0.2976962,0.3000697,0.2977408,0.2976948,0.2976935,0.2976932,0.2976954,0.2976682,0.2976645,0.2976941,0.2976711,0.2976719,0.2976735,0.2976733,0.2976699,0.2976702,0.2976695,0.2976695,0.2976706,0.29767,0.2976722,0.303866,0.2976433,0.2976728,0.2976805,0.2976893,0.2977012,0.2976703,0.2976667,0.2976696,0.2976739,0.2976698,0.2976723,0.2976835,0.2977032,0.2976682,0.2976641,0.2976697,0.2976698,0.2976681,0.2976662,0.297672,0.2976711,0.2976404,0.2976604,0.2976593,0.2976552,0.2976514,0.2976521,0.2976516,0.297652,0.2976556,0.2976594,0.2976622,0.2976597,0.297662,0.2976603,0.2976598,0.2976608,0.2976604,0.2976956,0.2976935,0.297694,0.2976981,0.2976892,0.297664,0.2976637,0.2976637,0.2976703,0.2976664,0.2976661,0.2976612,0.2977162,0.2977058,0.2977931,0.2977129,0.2977079,0.2977068,0.2977115,0.2977086,0.2977044,0.2977091
0.2677539,0.2888392,0.3038379,0.2900818,0.2760375,0.2763196,0.2765151,0.2802059,0.2788152,0.2800958,0.2781182,0.2781437,0.2782863,0.2783305,0.2784585,0.2785204,0.278792,0.2786741,0.2787111,0.2787085,0.278716,0.2793722,0.2796689,0.2796744,0.279718,0.279725,0.2797096,0.2797042,0.2798209,0.2798187,0.2798286,0.2797998,0.2798813,0.2799734,0.2799923,0.280003,0.2799796,0.2799823,0.2799988,0.2800265,0.2799887,0.2801869,0.2802145,0.280255,0.2805592,0.280296,0.2804709,0.2804828,0.2804841,0.2804914,0.280481,0.2804857,0.2807573,0.280737,0.280553,0.2805901,0.2806145,0.2805732,0.2805689,0.2805657,0.2805959,0.2805991,0.2806483,0.2806492,0.2806646,0.2806656,0.2806587,0.2806714,0.2809586,0.2806772,0.2806753,0.2806878,0.2806995,0.2807139,0.2806883,0.2806926,0.2807349,0.2807297,0.280741,0.2807187,0.2807282,0.280735,0.2807324,0.280741,0.2807459,0.2807622,0.280784,0.280784,0.2807864,0.2808074,0.2807944,0.2808061,0.2807586,0.2807398,0.2807637,0.2807435,0.2807528,0.2807558,0.2807549,0.2807571,0.2807551,0.280761,0.280773,0.2807608,0.2807593,0.2807367,0.2807292,0.2807508,0.2807471,0.2807465,0.2807466,0.2807496,0.2807515,0.2807649,0.2807496,0.2807465,0.2807543,0.2807545,0.2807634,0.280757
0.0419921,0.2630436,0.275277,0.2671265,0.268234,0.0551208,0.0553276,0.0527347,0.0528107,0.0528573,0.1164144,0.1164309,0.1158545,0.1159246,0.1173273,0.1174634,0.053818,0.0535463,0.0790872,0.0535428,0.0945612,0.0533459,0.0975802,0.0975748,0.1585555,0.1585796,0.1591287,0.1592346,0.1592447,0.0532231,0.0532349,0.0535686,0.0535993,0.0549271,0.0535984,0.0539752,0.0538402,0.0538294,0.0538463,0.2374367,0.0615916,0.3045279,0.0614812,0.0615295,0.054432,0.0544896,0.0546705,0.0543886,0.1815953,0.1816457,0.1815914,0.1816622,0.1816656,0.1817183,0.1818427,0.1818518,0.1818371,0.1818361,0.1818375,0.1819025,0.1819052,0.1818706,0.1819238,0.181911,0.1819072,0.1819231,0.1819247,0.1819268,0.1818195,0.1818741,0.1818609,0.1818582,0.181835,0.1818468,0.1817885,0.1817996,0.1818361,0.1818358,0.1818795,0.1818541,0.1818612,0.1817819,0.2923258,0.1818234,0.2762164,0.1817929,0.1818623,0.181882,0.1818704,0.1818813,0.1819061,0.1819214,0.1819345,0.1818858,0.1819232,0.1819391,0.1819415,0.1819418,0.1819019,0.1819017,0.1819117,0.1818933,0.1819369,0.1819357,0.0536353,0.1200236,0.1200217,0.0546712,0.056386,0.0545413,0.0545711,0.0546508,0.0544149,0.0544147,0.0859352,0.0755495,0.0755365,0.0544681,0.0544926,0.1102712
0.0619624,0.2867149,0.3092694,0.2905636,0.2917743,0.2930544,0.2923445,0.2942115,0.2957336,0.2957944,0.3012836,0.3004825,0.296366,0.2964409,0.2966486,0.2967932,0.2968146,0.2968113,0.2968028,0.2968497,0.2968613,0.2969668,0.297007,0.2970183,0.2971084,0.2971102,0.2971097,0.2971179,0.2971108,0.2971206,0.2971012,0.2971138,0.2971011,0.2971004,0.2970949,0.2971033,0.2970865,0.2970914,0.2970966,0.2971073,0.2971139,0.3042732,0.2971701,0.2970978,0.3029077,0.2971084,0.2970943,0.3024501,0.3037496,0.2970852,0.2970808,0.2970972,0.2970927,0.2972038,0.2971018,0.2971087,0.2971036,0.2971127,0.2971028,0.2971174,0.2971136,0.2971022,0.2971018,0.2971037,0.2971093,0.2971041,0.2971179,0.2971091,0.2971196,0.2971154,0.2971193,0.297135,0.2971424,0.297143,0.297224,0.2971297,0.2971243,0.2971532,0.2971625,0.2971558,0.2971534,0.2971428,0.297171,0.2971369,0.297145,0.3049733,0.2971198,0.2996866,0.2971161,0.2971518,0.2971141,0.2971136,0.2971041,0.2971067,0.2971003,0.2970915,0.2971331,0.2971019,0.2971085,0.2971424,0.3017728,0.3045531,0.2971085,0.2971088,0.2971162,0.297116,0.297109,0.297113,0.2970958,0.2971005,0.3036898,0.3037219,0.297158,0.2971088,0.29712,0.2971397,0.2971683,0.2971467,0.3027196,0.2971198
0.0386833,0.1062895,0.1094981,0.1125971,0.097324,0.053282,0.0540715,0.0544837,0.0555237,0.0556013,0.0555847,0.0556891,0.0561301,0.0533303,0.0615021,0.0615196,0.052989,0.0552363,0.0974137,0.090913,0.181571,0.1859544,0.1807178,0.1805104,0.1804685,0.1805011,0.1804584,0.1798837,0.1798828,0.1821721,0.1822686,0.182285,0.1822363,0.1822233,0.1822344,0.1822714,0.1822733,0.1823458,0.1824091,0.182351,0.1823933,0.182411,0.1824247,0.1824342,0.182411,0.1823871,0.1824069,0.1824412,0.1824305,0.1823625,0.1823006,0.1824908,0.1824916,0.1824787,0.1824834,0.1825048,0.1825096,0.1825325,0.1825779,0.1825935,0.1826005,0.1826128,0.1826165,0.1826811,0.1826785,0.1826398,0.1826758,0.1825567,0.1825913,0.1825252,0.1825553,0.1825679,0.1825894,0.1825933,0.182599,0.1826111,0.1826117,0.1826117,0.1825702,0.1825253,0.1825946,0.1825817,0.1825445,0.1825455,0.1825644,0.1825762,0.1825774,0.1825211,0.1825673,0.1826125,0.1826122,0.1826522,0.182643,0.1826385,0.1826399,0.1825675,0.1825688,0.1825895,0.1826284,0.182619,0.1826477,0.1826249,0.1825762,0.1825858,0.1825017,0.1825141,0.1824966,0.1825357,0.1825539,0.1825676,0.1826023,0.1826111,0.1826238,0.1826778,0.1826963,0.1827035,0.1827125,0.1827121,0.182707,0.1827089
0.0677962,0.1092854,0.3073404,0.1142246,0.0592785,0.0590141,0.0591356,0.0594407,0.2371495,0.2371687,0.2372827,0.2372843,0.2374382,0.2374735,0.2961398,0.2374797,0.2374674,0.2374717,0.2374521,0.2374767,0.2374801,0.2374849,0.2374857,0.2374836,0.237484,0.2374829,0.2374824,0.2374804,0.2374786,0.2374818,0.237503,0.237486,0.2374842,0.2374871,0.2374855,0.2374845,0.237488,0.2374816,0.2374522,0.2374563,0.2374423,0.2374485,0.2374478,0.2374436,0.2374281,0.2374349,0.2374409,0.2374416,0.2374392,0.2374366,0.2374417,0.2374402,0.2374471,0.2374781,0.2374782,0.2374796,0.2374506,0.2374467,0.2615545,0.2374777,0.2374773,0.2374762,0.2374591,0.2374615,0.2374553,0.2374315,0.2374228,0.237465,0.2374613,0.2374673,0.2374326,0.2374049,0.2374157,0.2374116,0.2374249,0.237366,0.2373877,0.2373996,0.2373374,0.2373796,0.2374319,0.2374418,0.2374533,0.3116806,0.2374601,0.2374662,0.237407,0.237421,0.2374295,0.2374353,0.2374202,0.2374184,0.2374481,0.2374496,0.2374469,0.2374386,0.237442,0.237446,0.2374389,0.2374161,0.2374154,0.2374123,0.2374072,0.2374164,0.2374211,0.2374262,0.237427,0.2374429,0.2374415,0.2374433,0.2374349,0.2374301,0.2374375,0.2374448,0.2374417,0.2374382,0.2374418,0.2374414,0.2374544,0.2374539
0.077462,0.2791968,0.3018028,0.3032142,0.2837169,0.2838648,0.2841152,0.2843236,0.2843719,0.2844073,0.284755,0.2848214,0.2848371,0.284995,0.2851769,0.2852104,0.2852213,0.284157,0.2853482,0.2853367,0.2853551,0.2853713,0.2854945,0.291978,0.2854689,0.2854966,0.2854974,0.2854961,0.2855056,0.2855069,0.2855113,0.2855114,0.2855429,0.2855606,0.2855967,0.2855788,0.2855689,0.2855884,0.2855832,0.2855834,0.2855846,0.2855938,0.2855837,0.2856053,0.2856168,0.2856123,0.2856066,0.2856098,0.2856041,0.2856169,0.2856129,0.2856221,0.2856133,0.28561,0.2856148,0.2856207,0.285614,0.2856096,0.2855967,0.2856056,0.2856022,0.2856203,0.2856215,0.2856296,0.2856297,0.2856312,0.285632,0.285632,0.285632,0.2856293,0.2856295,0.2856297,0.2856244,0.285627,0.2856186,0.2856339,0.285638,0.2856424,0.2856424,0.2856438,0.2856421,0.2856443,0.2856481,0.2858107,0.2856338,0.2856564,0.2856597,0.2856615,0.2856609,0.2856578,0.2856535,0.2856532,0.2856576,0.2856582,0.2856569,0.2856563,0.2856569,0.2856577,0.2856574,0.2856576,0.2856579,0.2856608,0.2856608,0.2856606,0.2856604,0.2856603,0.2856603,0.2856603,0.2856244,0.2856244,0.2856241,0.2856241,0.2856226,0.2856221,0.2856251,0.285639,0.2856187,0.2856197,0.2856189,0.2856209
0.0380546,0.0506338,0.0890592,0.0690368,0.05504,0.0558526,0.0563683,0.0562813,0.0532657,0.0537948,0.0527407,0.053144,0.0532155,0.0532262,0.0536174,0.0536868,0.0537152,0.0693629,0.0693565,0.053947,0.0633948,0.0633893,0.0631803,0.0536812,0.0717582,0.0546263,0.0611652,0.0611646,0.053753,0.0537582,0.2856893,0.2860562,0.286085,0.2860984,0.2860955,0.2861005,0.2861093,0.286126,0.2861277,0.2863002,0.2863347,0.2863352,0.286336,0.286355,0.286355,0.2863613,0.2863588,0.2864993,0.2864904,0.2864922,0.2864937,0.2864993,0.2865019,0.2865051,0.2865175,0.2865196,0.2865225,0.2865279,0.2865902,0.2865986,0.2866063,0.286587,0.2865894,0.28659,0.2866082,0.2866085,0.2866265,0.2866127,0.2866001,0.2866229,0.2866315,0.286631,0.2866317,0.286634,0.2866361,0.2866455,0.2866454,0.2866437,0.2866418,0.286647,0.2866495,0.2866496,0.2867035,0.2867037,0.2866772,0.2866907,0.2866758,0.2866732,0.2866734,0.2866835,0.2866862,0.286684,0.2866221,0.286621,0.2868191,0.28662,0.2865936,0.2866102,0.2865976,0.2865852,0.2865946,0.2866106,0.2865853,0.28659,0.2866018,0.2866063,0.2865772,0.2865712,0.2865337,0.2865542,0.2865417,0.286533,0.2865609,0.2865564,0.2865534,0.2865538,0.2865611,0.2865551,0.2865563,0.2865581
